Name	Count
Total count (na.rm TRUE): 	14
12	5
24	4
1	2
52.0000000000001	1
312.000000000001	1
365	1
