Name	Count
Total count (na.rm TRUE): 	8
1	2
4	1
12	1
52.0000000000001	1
104	1
156	1
312.000000000001	1
