Name	Count
Total count (na.rm TRUE): 	16
1	6
24	3
12	2
312.000000000001	2
52.0000000000001	1
104	1
156	1
