Name	Count
Total count: 	917
365	 10
312.000000000001	 30
208	  2
156	 52
104	 71
52.0000000000001	188
36	  3
26	 15
24	 66
18	  2
12	200
9	  1
8.5	  1
8	  1
6	 16
5	  3
4	 10
3	  3
2	  2
1	230
0.5	 10
0.333333333333333	  1
