Name	Count
Total count: 	918
1	230
12	200
52.0000000000001	188
104	 72
24	 66
156	 52
312.000000000001	 30
6	 16
26	 15
0.5	 10
365	 10
4	 10
3	  3
36	  3
5	  3
18	  2
2	  2
208	  2
0.333333333333333	  1
8	  1
8.5	  1
9	  1
