Name	Count
Total count: 	919
0.0192307692307692	359
Annual	279
0.0833333333333333	270
0.00273972602739726	 10
numeroa	  1
