doc.dimension,mean.pages.singlevol,median.pages.singlevol,n.singlevol
2fo,14.3197069032009,4,2593
4long,69.495145631068,28,206
4to,36.6052785923754,10,15345
6to,99.9655172413793,64,29
8long,210.272727272727,112,99
8vo,113.320432977461,54,6744
12long,388.142857142857,244,7
12mo,111.79074754902,68,3264
16long,159,159,1
16mo,105.936119402985,48,1675
18mo,244.875,199,8
20to,209,209,1
24mo,302,184,12
32mo,227.087719298246,94,57
64mo,91.5,112,8
NA,110.527663044908,61,38011
