doc.dimension,mean.pages.singlevol,median.pages.singlevol,n.singlevol
2fo,17.1011904761905,4,427
4long,43.5833333333333,23,24
4to,35.4460877862595,10,2214
6to,82.75,70,4
8long,160,122,8
8vo,110.489456159822,53,1072
12mo,110.465957446809,71,478
16mo,107.176470588235,57,222
18mo,195,195,1
20to,209,209,1
24mo,32,32,1
32mo,243.888888888889,126,9
64mo,50,50,2
NA,111.500290641349,61,5461
