doc.dimension,mean.pages.singlevol,median.pages.singlevol,n.singlevol
2fo,12.297994269341,4,435
4long,31.8260869565217,18,23
4to,33.1244614648157,10,2217
6to,144,144,1
8long,120.666666666667,96,15
8vo,111.483315392896,48,1088
12long,577,577,1
12mo,113.266,70.5,508
16mo,104.808943089431,54.5,251
18mo,63,63,1
24mo,949,949,1
32mo,253.25,84.5,9
64mo,128,128,1
NA,109.504919323101,61,5386
