doc.dimension,mean.pages.singlevol,median.pages.singlevol,n.singlevol
2fo,14.5261780104712,4,470
4long,107.322580645161,26,31
4to,33.8533077660594,10,2213
6to,137,125,5
8long,174.157894736842,115,19
8vo,109.717226435536,52,1090
12mo,117.310344827586,67,441
16mo,101.481012658228,54,238
18mo,203,203,1
24mo,501,288,3
32mo,338,217.5,4
64mo,96,96,1
NA,108.163764429662,60,5418
