doc.dimension,mean.pages.singlevol,median.pages.singlevol,n.singlevol
2fo,14.7464788732394,4,456
4long,62.5555555555556,26,27
4to,33.534085335949,10,2160
6to,150.5,73,8
8long,142.4,65,15
8vo,112.217894736842,52,1123
12long,321.5,194,4
12mo,119.600446428571,68.5,451
16long,159,159,1
16mo,105.923404255319,48,237
18mo,133,133,2
20to,209,209,1
24mo,60,60,1
32mo,266.333333333333,143,6
64mo,66,66,2
NA,111.727062005022,60,5428
