doc.dimension,mean.pages.singlevol,median.pages.singlevol,n.singlevol
2fo,12.2868632707775,4,469
4long,92.3103448275862,25,29
4to,33.1247591522158,9,2175
6to,55,21,5
8long,198.5625,167,16
8vo,113.701559020045,51.5,1064
12long,121,121,2
12mo,111.359154929577,71,436
16long,159,159,1
16mo,96.6724137931034,46,233
18mo,195,195,1
24mo,72,60,3
32mo,49.75,27,5
NA,110.308121632025,62,5504
