doc.dimension,mean.pages.singlevol,median.pages.singlevol,n.singlevol
2fo,19.3350515463918,4,477
4long,75.0625,26,32
4to,29.8915071183112,10,2156
6to,119.5,144.5,4
8long,396.666666666667,377.5,12
8vo,119.540314136126,52,1133
12mo,109.961538461538,67,475
16mo,96.6497890295359,50,239
18mo,535,535,2
24mo,299.5,299.5,2
32mo,269.666666666667,96,9
64mo,24,24,1
NA,111.598504231451,62,5391
