doc.dimension,mean.pages.singlevol,median.pages.singlevol,n.singlevol
2fo,12.4189104571071,4,3194
4long,71.5679611650485,26,206
4to,31.1404298484752,10,15773
6to,99.9655172413793,64,29
8long,210.272727272727,112,99
8vo,99.1088792221085,50,7816
12long,388.142857142857,244,7
12mo,111.499543378995,68,3285
16long,159,159,1
16mo,105.507701421801,48,1688
18mo,244.875,199,8
20to,209,209,1
24mo,302,184,12
32mo,228.051724137931,94,58
64mo,91.5,112,8
NA,108.260877322662,60,39233
