doc.dimension,mean.pages.singlevol,median.pages.singlevol,n.singlevol
2fo,18.7492163009404,4,413
4long,49.0625,25.5,32
4to,32.2850264805007,10,2197
6to,43.5714285714286,38,7
8long,314.818181818182,293,11
8vo,110.022532188841,52,1071
12long,144,144,1
12mo,115.311827956989,72,471
16mo,102.492063492063,48,254
18mo,82.5,82.5,2
24mo,507,507,3
32mo,65.3333333333333,62.5,8
NA,109.523312052621,60,5459
