doc.dimension,mean.pages.singlevol,median.pages.singlevol,n.singlevol
2fo,12.19,4,3017
4long,66.1133004926108,26,204
4to,31.9683397683398,10,15698
8long,199.182795698925,96,93
8vo,104.585652750166,50,7239
12long,388.142857142857,244,7
12mo,102.80025898349,66,3152
20to,209,209,1
NA,113.800812797681,63,42018
