doc.dimension,mean.pages.singlevol,median.pages.singlevol,n.singlevol
2fo,14.9324758842444,4,395
4long,58.304347826087,26,23
4to,30.7051039697543,8,2242
6to,49.2,63,5
8long,291.111111111111,183,9
8vo,109.312157721796,52,1088
12long,756,756,1
12mo,106.397463002114,63,479
16mo,101.842342342342,50.5,225
18mo,426,426,2
24mo,497,497,1
32mo,145.2,80,6
64mo,128,128,1
NA,113.296660876279,61,5464
