doc.dimension,mean.pages.issue,median.pages.issue,n.issue
1to,2.0042194092827,2,497
2long,95.25,99.5,4
2fo,NA,NA,346
4long,71.5679611650485,26,206
4to,32.2869396234001,10,15773
8vo,NA,NA,193
12mo,NA,NA,4
NA,166.4,28,328
