doc.dimension,mean.pages.singlevol,median.pages.singlevol,n.singlevol
2fo,14.5450980392157,4,3194
4long,71.5679611650485,26,206
4to,32.347563836204,10,15773
6to,99.9655172413793,64,29
8long,210.272727272727,112,99
8vo,107.832605092662,50,7816
12long,388.142857142857,244,7
12mo,112.35009310987,68,3285
16long,159,159,1
16mo,106.058014354067,48,1688
18mo,244.875,199,8
20to,209,209,1
24mo,325.6,184,12
32mo,232.839285714286,94,58
64mo,91.5,112,8
NA,110.980586968228,60,39233
